habitat,avg_representation,stdev_representation
Aridlands,0.3701309532793873,0.003686708267235566
Forest,0.36992895101946505,0.002287395906942725
Grasslands,0.3699980392717006,0.0020676805372727087
Habitat Generalist,0.36971843326772214,0.003561759180260144
Water/wetland,0.3643910471241054,0.006821871049196885
