habitat,avg_representation,stdev_representation
Aridlands,0.09999973498090123,0.002341702110537126
Forest,0.09999690986091725,0.0013523231777998969
Grasslands,0.10003771827580471,0.0012433361100737956
Habitat Generalist,0.09997351632046701,0.0023017361027998645
Water/wetland,0.09856562038984237,0.004277610047876501
