habitat,avg_representation,stdev_representation
Aridlands,0.43995957124100593,0.003762590258505968
Forest,0.4400107635728509,0.002371738211316725
Grasslands,0.43997162360501735,0.002144078934293625
Habitat Generalist,0.4400247990132583,0.003736059910041616
Water/wetland,0.4369684678219224,0.014419787014049376
