habitat,avg_representation,stdev_representation
Aridlands,0.37008681047761166,0.003707506211559952
Forest,0.3700239910901509,0.002323833749572393
Grasslands,0.37001428215882104,0.0020871596671919127
Habitat Generalist,0.37000961212523786,0.0036471999415534392
Water/wetland,0.3674441907112698,0.013975222859513144
