habitat,avg_representation,stdev_representation
Aridlands,0.0998953505102199,0.0024276624094103113
Forest,0.10000702445587298,0.0014248793171961842
Grasslands,0.09994140795282616,0.001310794863132721
Habitat Generalist,0.10002523889363604,0.002348810872039082
Water/wetland,0.0994703222364467,0.008752068555082489
