habitat,avg_representation,stdev_representation
Aridlands,0.44002298954400804,0.0038352975817344255
Forest,0.4398885333892747,0.002356715228923213
Grasslands,0.43996326998296204,0.002117828493701711
Habitat Generalist,0.4397273279125058,0.003707656012293739
Water/wetland,0.4332511512858124,0.007006831455907167
