"","sample_size","mean_sample","sd_sample"
"1","37pct","0.368254905576137","0.00960728676486379"
"2","44pct","0.437874899820955","0.0106390739060072"
