"","group","mean","lq","hq"
"1","Aridlands",44.0022989544008,43.0605184208944,44.9172291171937
"2","Forest",43.9888533389275,43.3633022394328,44.5921118890627
"3","Grasslands",43.9963269982962,43.4732154716974,44.5232259777363
"4","Habitat Generalist",43.9727327912506,42.5611015636708,45.4868744987235
"5","Tipping Point",43.4824270392799,38.5966885910426,45.3914458675261
"6","Water/wetland",43.3251151285812,38.1574302283959,45.3550171796089
