"","group","mean","lq","hq"
"1","Aridlands",37.0086810477612,36.1220825801174,37.9057008852485
"2","Forest",37.0023991090151,36.4173630908034,37.5842861701142
"3","Grasslands",37.0014282158821,36.4937548980833,37.5090343021455
"4","Habitat Generalist",37.0009612125238,35.5658923972395,38.3885018618445
"5","Tipping Point",37.0040207764228,33.9564231831739,40.1069400784773
"6","Water/wetland",36.744419071127,31.9127948773934,40.3274222806407
