"","group","mean","lq","hq"
"1","Aridlands",43.9959571241006,43.0889627628892,44.9031704728023
"2","Forest",44.0010763572851,43.4015464879938,44.5949357985118
"3","Grasslands",43.9971623605017,43.4667748803949,44.5125317086504
"4","Habitat Generalist",44.0024799013258,42.5772835871869,45.4923200987461
"5","Tipping Point",43.9906767443006,40.8215840781689,47.1294918738574
"6","Water/wetland",43.6968467821922,38.9955409385061,47.4783196769535
