more90,more75,more50,guild,n
0.017543859649122806,0.12280701754385964,0.38596491228070173,tipping_point,57
0,0.08695652173913043,0.5489130434782609,forest,184
0,0,0.17391304347826086,grassland,23
0,0,0.15789473684210525,aridland,57
0.008403361344537815,0.03361344537815126,0.20168067226890757,wetland,120
0,0,0.15789473684210525,generalist,38
