more90,more75,more50,guild
0.017543859649122806,0.15789473684210525,0.3333333333333333,tipping_point
0.03260869565217391,0.25,0.7717391304347826,forest
0,0,0.17391304347826086,grassland
0,0.017543859649122806,0.05263157894736842,aridland
0.008403361344537815,0.01680672268907563,0.17647058823529413,wetland
0,0,0.21052631578947367,generalist
